Time,Temp_C,Vib_Mag_g,X_g,Y_g,Z_g,Sound_dBr
13:06:35,26.8125,1.055533514852353,-0.0078125,-0.2421875,1.02734375,-90
13:06:38,26.9375,1.0594222426781732,-0.015625,-0.2421875,1.03125,-90
13:06:40,26.9375,1.0556852919061035,-0.01953125,-0.2421875,1.02734375,-90
13:06:42,27.0,1.048084073254324,-0.01953125,-0.2421875,1.01953125,-90
13:06:45,26.9375,0.9908717284424672,-0.0703125,-0.15234375,0.9765625,-90
13:06:47,27.0,1.051804508741703,-0.10546875,-0.0859375,1.04296875,-90
13:06:49,27.0,1.0881974012027298,-0.06640625,-0.31640625,1.0390625,-90
13:06:51,27.0,1.0692998174550368,-0.01171875,-0.7734375,0.73828125,-90
13:06:54,27.0,1.0703837795608055,-0.01171875,-0.93359375,0.5234375,-90
13:06:56,27.0,1.0659482762024912,0.0,-0.96484375,0.453125,-14.640651572664192
13:06:58,27.0,1.1116009797950206,-0.1953125,-0.1875,1.078125,-90
13:07:00,27.0625,1.052645592847196,-0.08984375,-0.26171875,1.015625,-16.534368973927883
13:07:03,27.0625,1.055793690728834,-0.09375,-0.2578125,1.01953125,-90
13:07:05,27.0625,1.05202209495868,-0.09375,-0.2578125,1.015625,-90
13:07:07,27.0625,1.0636339307637168,-0.0859375,-0.26171875,1.02734375,-90
13:07:09,27.0625,1.052645592847196,-0.08984375,-0.26171875,1.015625,-90
13:07:11,27.0625,1.0577429699268568,-0.08203125,-0.26953125,1.01953125,-90
13:07:14,27.0625,1.0574471996644206,-0.078125,-0.26953125,1.01953125,-19.494460916817186
13:07:16,27.0625,1.0496334344330345,-0.07421875,-0.26953125,1.01171875,-90
13:07:18,27.0625,1.049916872639508,-0.078125,-0.26953125,1.01171875,-90
13:07:20,27.0625,1.056176610801018,-0.07421875,-0.265625,1.01953125,-90
13:07:23,27.0625,1.0571657804264607,-0.07421875,-0.26953125,1.01953125,-19.494460916817186
13:07:25,27.0625,1.053978349553787,-0.08203125,-0.26953125,1.015625,-90
13:07:27,27.0625,1.056458293533901,-0.078125,-0.265625,1.01953125,-19.494460916817186
13:07:29,27.0625,1.0574471996644206,-0.078125,-0.26953125,1.01953125,-90
13:07:32,27.0625,1.0544053442025094,-0.07421875,-0.2734375,1.015625,-19.494460916817186
13:07:34,27.0625,1.0526890789188421,-0.078125,-0.265625,1.015625,-19.494460916817186
13:07:36,27.0625,1.0574471996644206,-0.078125,-0.26953125,1.01953125,-90
13:07:38,27.0625,1.0536815225562999,-0.078125,-0.26953125,1.015625,-90
13:07:41,27.0625,1.056176610801018,-0.07421875,-0.265625,1.01953125,-90
13:07:43,27.125,1.056458293533901,-0.078125,-0.265625,1.01953125,-90
13:07:45,27.125,1.0533990973050646,-0.07421875,-0.26953125,1.015625,-19.494460916817186
13:07:47,27.125,1.0489208670588848,-0.078125,-0.265625,1.01171875,-19.494460916817186
13:07:50,27.125,1.0574471996644206,-0.078125,-0.26953125,1.01953125,-19.494460916817186
13:07:52,27.125,1.0536815225562999,-0.078125,-0.26953125,1.015625,-90
13:07:54,27.125,1.059184567600089,-0.07421875,-0.27734375,1.01953125,-90
13:07:56,27.125,1.0577429699268568,-0.08203125,-0.26953125,1.01953125,-90
13:07:59,27.1875,1.0524063873340765,-0.07421875,-0.265625,1.015625,-90
13:08:01,27.125,1.0581684454680997,-0.07421875,-0.2734375,1.01953125,-19.494460916817186
13:08:03,27.125,1.0526890789188421,-0.078125,-0.265625,1.015625,-90
13:08:05,27.125,1.0544053442025094,-0.07421875,-0.2734375,1.015625,-90
13:08:07,27.1875,1.0536815225562999,-0.078125,-0.26953125,1.015625,-90
13:08:10,27.125,1.0581684454680997,-0.07421875,-0.2734375,1.01953125,-19.494460916817186
13:08:12,27.125,1.0521381225420217,-0.0703125,-0.265625,1.015625,-90
13:08:14,27.1875,1.0581684454680997,-0.07421875,-0.2734375,1.01953125,-19.445400539936692
13:08:16,27.1875,1.0533990973050646,-0.07421875,-0.26953125,1.015625,-16.434526764861875
13:08:19,27.1875,1.0554829176510272,-0.078125,-0.26171875,1.01953125,-90
13:08:21,27.1875,1.0571657804264607,-0.07421875,-0.26953125,1.01953125,-90
13:08:23,27.125,1.0546875,-0.078125,-0.2734375,1.015625,-90
13:08:25,27.125,1.0557069725610713,-0.078125,-0.27734375,1.015625,-19.494460916817186
13:08:28,27.1875,1.0584495981187827,-0.078125,-0.2734375,1.01953125,-90
13:08:30,27.125,1.0544053442025094,-0.07421875,-0.2734375,1.015625,-16.534368973927883
13:08:32,27.125,1.0529861856769833,-0.08203125,-0.265625,1.015625,-90
13:08:34,27.1875,1.0619325805643514,-0.07421875,-0.2734375,1.0234375,-90
13:08:37,27.1875,1.0581684454680997,-0.07421875,-0.2734375,1.01953125,-19.494460916817186
13:08:39,27.125,1.0533990973050646,-0.07421875,-0.26953125,1.015625,-90
13:08:41,27.1875,1.0694639085812165,-0.07421875,-0.2734375,1.03125,-90
13:08:43,27.1875,1.0574471996644206,-0.078125,-0.26953125,1.01953125,-90
13:08:46,27.1875,1.0533990973050646,-0.07421875,-0.26953125,1.015625,-19.494460916817186
13:08:48,27.1875,1.056458293533901,-0.078125,-0.265625,1.01953125,-16.534368973927883
13:08:50,27.1875,1.053978349553787,-0.08203125,-0.26953125,1.015625,-19.445400539936692
13:08:52,27.125,1.0536815225562999,-0.078125,-0.26953125,1.015625,-90
13:08:55,27.1875,1.0536815225562999,-0.078125,-0.26953125,1.015625,-19.445400539936692
13:08:57,27.1875,1.0533990973050646,-0.07421875,-0.26953125,1.015625,-90
13:08:59,27.125,1.0554250893079171,-0.07421875,-0.27734375,1.015625,-90
13:09:01,27.125,1.0482369289333817,-0.08203125,-0.26171875,1.01171875,-90
13:09:03,27.125,1.071544967868387,-0.078125,-0.265625,1.03515625,-90
13:09:06,27.1875,1.0574471996644206,-0.078125,-0.26953125,1.01953125,-19.494460916817186
13:09:08,27.125,1.0574471996644206,-0.078125,-0.26953125,1.01953125,-90
13:09:10,27.25,1.0544053442025094,-0.07421875,-0.2734375,1.015625,-16.534368973927883
13:09:12,27.1875,1.0536815225562999,-0.078125,-0.26953125,1.015625,-90
13:09:15,27.1875,1.0574471996644206,-0.078125,-0.26953125,1.01953125,-90
13:09:17,27.1875,1.0421052136743139,-0.07421875,-0.26953125,1.00390625,-90
13:09:19,27.1875,1.0587450883519485,-0.08203125,-0.2734375,1.01953125,-90
13:09:21,27.1875,1.0567543405769029,-0.08203125,-0.265625,1.01953125,-90
13:09:24,27.1875,1.0622127369023118,-0.078125,-0.2734375,1.0234375,-90
13:09:26,27.1875,1.056458293533901,-0.078125,-0.265625,1.01953125,-90
13:09:28,27.25,1.0571657804264607,-0.07421875,-0.26953125,1.01953125,-90
13:09:30,27.1875,1.0544053442025094,-0.07421875,-0.2734375,1.015625,-19.494460916817186
13:09:33,27.1875,1.0536815225562999,-0.078125,-0.26953125,1.015625,-19.494460916817186
13:09:35,27.25,1.0674645618568854,-0.0703125,-0.28125,1.02734375,-19.494460916817186
13:09:37,27.25,1.0489208670588848,-0.078125,-0.265625,1.01171875,-90
13:09:39,27.1875,1.0546875,-0.078125,-0.2734375,1.015625,-90
13:09:42,27.25,1.0622127369023118,-0.078125,-0.2734375,1.0234375,-19.494460916817186
13:09:44,27.25,1.0574471996644206,-0.078125,-0.26953125,1.01953125,-90
13:09:46,27.25,1.0570358693542818,-0.08203125,-0.28125,1.015625,-16.534368973927883
13:09:48,27.25,1.064702164101392,-0.07421875,-0.26953125,1.02734375,-19.494460916817186
13:09:51,27.25,1.0496334344330345,-0.07421875,-0.26953125,1.01171875,-90
13:09:53,27.25,1.0584495981187827,-0.078125,-0.2734375,1.01953125,-19.445400539936692
13:09:55,27.3125,1.0667066884479948,-0.07421875,-0.27734375,1.02734375,-19.445400539936692
13:09:57,27.25,1.053978349553787,-0.08203125,-0.26953125,1.015625,-19.494460916817186
13:09:59,27.25,1.0602285002093887,-0.078125,-0.265625,1.0234375,-90
13:10:02,27.25,1.0554250893079171,-0.07421875,-0.27734375,1.015625,-90
13:10:04,27.25,1.0581684454680997,-0.07421875,-0.2734375,1.01953125,-90
13:10:06,27.3125,1.0574471996644206,-0.078125,-0.26953125,1.01953125,-90
13:10:08,27.25,1.0496334344330345,-0.07421875,-0.26953125,1.01171875,-90
13:10:11,27.3125,1.064981591867026,-0.078125,-0.26953125,1.02734375,-90
13:10:13,27.3125,1.0568987236766705,-0.0703125,-0.26953125,1.01953125,-90
13:10:15,27.3125,1.0536815225562999,-0.078125,-0.26953125,1.015625,-90
13:10:17,27.3125,1.0574471996644206,-0.078125,-0.26953125,1.01953125,-90
13:10:20,27.3125,1.0622127369023118,-0.078125,-0.2734375,1.0234375,-19.494460916817186
13:10:22,27.3125,1.064436998157653,-0.0703125,-0.26953125,1.02734375,-90
13:10:24,27.3125,1.0619325805643514,-0.07421875,-0.2734375,1.0234375,-90
13:10:26,27.3125,1.0533990973050646,-0.07421875,-0.26953125,1.015625,-90
13:10:29,27.3125,1.0609334729305013,-0.07421875,-0.26953125,1.0234375,-90
13:10:31,27.3125,1.0571657804264607,-0.07421875,-0.26953125,1.01953125,-19.494460916817186
13:10:33,27.3125,1.0526890789188421,-0.078125,-0.265625,1.015625,-90
13:10:35,27.375,1.0526890789188421,-0.078125,-0.265625,1.015625,-19.494460916817186
13:10:38,27.3125,1.0574471996644206,-0.078125,-0.26953125,1.01953125,-19.494460916817186
13:10:40,27.3125,1.0544053442025094,-0.07421875,-0.2734375,1.015625,-90
13:10:42,27.3125,1.0526890789188421,-0.078125,-0.265625,1.015625,-19.445400539936692
13:10:44,27.3125,1.049916872639508,-0.078125,-0.26953125,1.01171875,-16.434526764861875
13:10:47,27.3125,1.06267950000297,-0.0703125,-0.27734375,1.0234375,-19.494460916817186
13:10:49,27.3125,1.064702164101392,-0.07421875,-0.26953125,1.02734375,-90
13:10:51,27.3125,1.0503745727901368,-0.0703125,-0.2734375,1.01171875,-90
13:10:53,27.3125,1.0584495981187827,-0.078125,-0.2734375,1.01953125,-90
13:10:55,27.3125,1.0533990973050646,-0.07421875,-0.26953125,1.015625,-90
13:10:58,27.375,1.059184567600089,-0.07421875,-0.27734375,1.01953125,-16.48589583858963
13:11:00,27.3125,1.0659769053292443,-0.078125,-0.2734375,1.02734375,-90
13:11:02,27.3125,1.061213893029022,-0.078125,-0.26953125,1.0234375,-16.434526764861875
13:11:04,27.3125,1.0536815225562999,-0.078125,-0.26953125,1.015625,-90
13:11:07,27.3125,1.059947819415094,-0.07421875,-0.265625,1.0234375,-90
13:11:09,27.3125,1.0577429699268568,-0.08203125,-0.26953125,1.01953125,-90
13:11:11,27.3125,1.0533990973050646,-0.07421875,-0.26953125,1.015625,-19.445400539936692
13:11:13,27.3125,1.0386291977176274,-0.078125,-0.26953125,1.0,-19.494460916817186
13:11:16,27.3125,1.056458293533901,-0.078125,-0.265625,1.01953125,-19.494460916817186
13:11:18,27.3125,1.0584495981187827,-0.078125,-0.2734375,1.01953125,-19.494460916817186
13:11:20,27.375,1.0526890789188421,-0.078125,-0.265625,1.015625,-90
13:11:22,27.375,1.050926453722054,-0.078125,-0.2734375,1.01171875,-19.494460916817186
13:11:25,27.375,1.0579016418311593,-0.0703125,-0.2734375,1.01953125,-19.494460916817186
13:11:27,27.375,1.0629451043783376,-0.07421875,-0.27734375,1.0234375,-16.534368973927883
13:11:29,27.375,1.0519495712203246,-0.078125,-0.27734375,1.01171875,-90
13:11:31,27.3125,1.056458293533901,-0.078125,-0.265625,1.01953125,-90
13:11:34,27.375,1.0584495981187827,-0.078125,-0.2734375,1.01953125,-90
13:11:36,27.375,1.0526890789188421,-0.078125,-0.265625,1.015625,-19.494460916817186
13:11:38,27.375,1.0571657804264607,-0.07421875,-0.26953125,1.01953125,-90
13:11:40,27.375,1.0531310853867208,-0.0703125,-0.26953125,1.015625,-90
13:11:43,27.375,1.064981591867026,-0.078125,-0.26953125,1.02734375,-90
13:11:45,27.375,1.0574471996644206,-0.078125,-0.26953125,1.01953125,-90
13:11:47,27.3125,1.0574471996644206,-0.078125,-0.26953125,1.01953125,-90
13:11:49,27.375,1.061213893029022,-0.078125,-0.26953125,1.0234375,-90
13:11:51,27.3125,1.0574471996644206,-0.078125,-0.26953125,1.01953125,-90
13:11:54,27.3125,1.0526890789188421,-0.078125,-0.265625,1.015625,-90
13:11:56,27.3125,1.0571657804264607,-0.07421875,-0.26953125,1.01953125,-90
13:11:58,27.3125,1.055909303874065,-0.0703125,-0.265625,1.01953125,-19.494460916817186
13:12:00,27.3125,1.0619325805643514,-0.07421875,-0.2734375,1.0234375,-90
13:12:03,27.375,1.0584495981187827,-0.078125,-0.2734375,1.01953125,-16.534368973927883
13:12:05,27.375,1.0574471996644206,-0.078125,-0.26953125,1.01953125,-90
13:12:07,27.3125,1.0622127369023118,-0.078125,-0.2734375,1.0234375,-90
13:12:09,27.375,1.04586880283063,-0.07421875,-0.26953125,1.0078125,-19.494460916817186
13:12:12,27.375,1.0544053442025094,-0.07421875,-0.2734375,1.015625,-90
13:12:14,27.375,1.0541375881200234,-0.0703125,-0.2734375,1.015625,-19.494460916817186
13:12:16,27.3125,1.0581684454680997,-0.07421875,-0.2734375,1.01953125,-90
13:12:18,27.375,1.061213893029022,-0.078125,-0.26953125,1.0234375,-90
13:12:21,27.375,1.0574471996644206,-0.078125,-0.26953125,1.01953125,-90
13:12:23,27.375,1.0577429699268568,-0.08203125,-0.26953125,1.01953125,-19.494460916817186
13:12:25,27.375,1.0554250893079171,-0.07421875,-0.27734375,1.015625,-90
13:12:27,27.375,1.0602285002093887,-0.078125,-0.265625,1.0234375,-19.494460916817186
13:12:30,27.375,1.0536815225562999,-0.078125,-0.26953125,1.015625,-90
13:12:32,27.375,1.0659769053292443,-0.078125,-0.2734375,1.02734375,-19.494460916817186
13:12:34,27.3125,1.0526890789188421,-0.078125,-0.265625,1.015625,-90
13:12:36,27.375,1.0567543405769029,-0.08203125,-0.265625,1.01953125,-90
13:12:39,27.375,1.0584495981187827,-0.078125,-0.2734375,1.01953125,-90
13:12:41,27.375,1.061213893029022,-0.078125,-0.26953125,1.0234375,-19.494460916817186
13:12:43,27.3125,1.0574471996644206,-0.078125,-0.26953125,1.01953125,-90
13:12:45,27.375,1.0486371596401327,-0.07421875,-0.265625,1.01171875,-90
13:12:47,27.375,1.0536815225562999,-0.078125,-0.26953125,1.015625,-16.534368973927883
13:12:50,27.375,1.0571657804264607,-0.07421875,-0.26953125,1.01953125,-90
13:12:52,27.3125,1.0448689384955476,-0.07421875,-0.265625,1.0078125,-90
13:12:54,27.375,1.0533990973050646,-0.07421875,-0.26953125,1.015625,-90
13:12:56,27.3125,1.061666722879054,-0.0703125,-0.2734375,1.0234375,-90
13:12:59,27.375,1.0584495981187827,-0.078125,-0.2734375,1.01953125,-19.494460916817186
13:13:01,27.375,1.0496334344330345,-0.07421875,-0.26953125,1.01171875,-90
13:13:03,27.375,1.0526890789188421,-0.078125,-0.265625,1.015625,-90
13:13:05,27.375,1.0536815225562999,-0.078125,-0.26953125,1.015625,-90
13:13:08,27.375,1.056458293533901,-0.078125,-0.265625,1.01953125,-90
13:13:10,27.375,1.0571657804264607,-0.07421875,-0.26953125,1.01953125,-16.434526764861875
13:13:12,27.375,1.0506432878762302,-0.07421875,-0.2734375,1.01171875,-90
13:13:14,27.375,1.06919992357019,-0.0703125,-0.2734375,1.03125,-19.494460916817186
13:13:17,27.375,1.0546875,-0.078125,-0.2734375,1.015625,-19.494460916817186
13:13:19,27.375,1.0571657804264607,-0.07421875,-0.26953125,1.01953125,-90
13:13:21,27.4375,1.0574471996644206,-0.078125,-0.26953125,1.01953125,-19.494460916817186
13:13:23,27.375,1.0533990973050646,-0.07421875,-0.26953125,1.015625,-90
13:13:26,27.375,1.0581684454680997,-0.07421875,-0.2734375,1.01953125,-90
13:13:28,27.3125,1.053978349553787,-0.08203125,-0.26953125,1.015625,-90
13:13:30,27.375,1.056176610801018,-0.07421875,-0.265625,1.01953125,-90
13:13:32,27.375,1.0524063873340765,-0.07421875,-0.265625,1.015625,-90
13:13:35,27.375,1.0536815225562999,-0.078125,-0.26953125,1.015625,-90
13:13:37,27.375,1.0694639085812165,-0.07421875,-0.2734375,1.03125,-16.534368973927883
13:13:39,27.375,1.0577429699268568,-0.08203125,-0.26953125,1.01953125,-90
13:13:41,27.375,1.0536815225562999,-0.078125,-0.26953125,1.015625,-90
13:13:43,27.375,1.0554250893079171,-0.07421875,-0.27734375,1.015625,-90
13:13:46,27.375,1.0571657804264607,-0.07421875,-0.26953125,1.01953125,-90
13:13:48,27.375,1.068471843371703,-0.07421875,-0.26953125,1.03125,-90
13:13:50,27.375,1.0568987236766705,-0.0703125,-0.26953125,1.01953125,-90
13:13:52,27.375,1.0536815225562999,-0.078125,-0.26953125,1.015625,-14.82425163866382
13:13:55,27.375,1.0574471996644206,-0.078125,-0.26953125,1.01953125,-90
13:13:57,27.3125,1.0531310853867208,-0.0703125,-0.26953125,1.015625,-90
13:13:59,27.375,1.0554829176510272,-0.078125,-0.26171875,1.01953125,-19.445400539936692
13:14:01,27.3125,1.0571657804264607,-0.07421875,-0.26953125,1.01953125,-19.494460916817186
13:14:04,27.375,1.0531310853867208,-0.0703125,-0.26953125,1.015625,-90
13:14:06,27.375,1.0506432878762302,-0.07421875,-0.2734375,1.01171875,-19.494460916817186
13:14:08,27.375,1.0581684454680997,-0.07421875,-0.2734375,1.01953125,-90
13:14:10,27.375,1.0574471996644206,-0.078125,-0.26953125,1.01953125,-90
13:14:13,27.375,1.0533990973050646,-0.07421875,-0.26953125,1.015625,-16.48589583858963
13:14:15,27.3125,1.0533990973050646,-0.07421875,-0.26953125,1.015625,-90
13:14:17,27.375,1.0581684454680997,-0.07421875,-0.2734375,1.01953125,-90
13:14:19,27.375,1.049916872639508,-0.078125,-0.26953125,1.01171875,-19.494460916817186
13:14:22,27.375,1.0546875,-0.078125,-0.2734375,1.015625,-19.494460916817186
13:14:24,27.4375,1.0544053442025094,-0.07421875,-0.2734375,1.015625,-90
13:14:26,27.4375,1.0496334344330345,-0.07421875,-0.26953125,1.01171875,-90
13:14:28,27.4375,1.0493644607496364,-0.0703125,-0.26953125,1.01171875,-19.494460916817186
13:14:31,27.4375,1.0542895661334284,-0.0859375,-0.26953125,1.015625,-90
13:14:33,27.375,1.0506432878762302,-0.07421875,-0.2734375,1.01171875,-90
13:14:35,27.4375,1.064702164101392,-0.07421875,-0.26953125,1.02734375,-90
13:14:37,27.375,1.0639996883994198,-0.078125,-0.265625,1.02734375,-90
13:14:39,27.4375,1.0609334729305013,-0.07421875,-0.26953125,1.0234375,-19.445400539936692
13:14:42,27.4375,1.0581684454680997,-0.07421875,-0.2734375,1.01953125,-90
13:14:44,27.375,1.0502147636577424,-0.08203125,-0.26953125,1.01171875,-90
13:14:46,27.375,1.0561910578968419,-0.0703125,-0.28125,1.015625,-90
13:14:48,27.375,1.0602285002093887,-0.078125,-0.265625,1.0234375,-90
13:14:51,27.375,1.0544053442025094,-0.07421875,-0.2734375,1.015625,-90
13:14:53,27.4375,1.0502147636577424,-0.08203125,-0.26953125,1.01171875,-90
13:14:55,27.375,1.0536815225562999,-0.078125,-0.26953125,1.015625,-90
13:14:57,27.4375,1.0546875,-0.078125,-0.2734375,1.015625,-90
13:15:00,27.4375,1.0659769053292443,-0.078125,-0.2734375,1.02734375,-90
13:15:02,27.4375,1.0544053442025094,-0.07421875,-0.2734375,1.015625,-90
13:15:04,27.375,1.0533990973050646,-0.07421875,-0.26953125,1.015625,-90
13:15:06,27.4375,1.0619325805643514,-0.07421875,-0.2734375,1.0234375,-90
13:15:09,27.4375,1.0536815225562999,-0.078125,-0.26953125,1.015625,-90
13:15:11,27.4375,1.0546875,-0.078125,-0.2734375,1.015625,-90
13:15:13,27.4375,1.0584495981187827,-0.078125,-0.2734375,1.01953125,-90
13:15:15,27.5,1.061213893029022,-0.078125,-0.26953125,1.0234375,-90
13:15:18,27.4375,1.0579016418311593,-0.0703125,-0.2734375,1.01953125,-90
13:15:20,27.375,1.055200974544512,-0.07421875,-0.26171875,1.01953125,-19.494460916817186
13:15:22,27.4375,1.0574471996644206,-0.078125,-0.26953125,1.01953125,-90
13:15:24,27.375,1.0536815225562999,-0.078125,-0.26953125,1.015625,-19.494460916817186
13:15:27,27.375,1.0619325805643514,-0.07421875,-0.2734375,1.0234375,-19.445400539936692
13:15:29,27.375,1.0579016418311593,-0.0703125,-0.2734375,1.01953125,-90
13:15:31,27.375,1.0571657804264607,-0.07421875,-0.26953125,1.01953125,-19.494460916817186
13:15:33,27.375,1.056646040304977,-0.06640625,-0.26953125,1.01953125,-90
13:15:35,27.375,1.0506432878762302,-0.07421875,-0.2734375,1.01171875,-90
13:15:38,27.4375,1.0615086137706915,-0.08203125,-0.26953125,1.0234375,-90
13:15:40,27.375,1.0579016418311593,-0.0703125,-0.2734375,1.01953125,-90
13:15:42,27.4375,1.0568987236766705,-0.0703125,-0.26953125,1.01953125,-90
13:15:44,27.4375,1.061213893029022,-0.078125,-0.26953125,1.0234375,-90
13:15:47,27.375,1.0524063873340765,-0.07421875,-0.265625,1.015625,-90
13:15:49,27.4375,1.0568987236766705,-0.0703125,-0.26953125,1.01953125,-90
13:15:51,27.4375,1.0544053442025094,-0.07421875,-0.2734375,1.015625,-16.534368973927883
13:15:53,27.4375,1.0584495981187827,-0.078125,-0.2734375,1.01953125,-90
13:15:56,27.4375,1.0577429699268568,-0.08203125,-0.26953125,1.01953125,-90
13:15:58,27.4375,1.0536815225562999,-0.078125,-0.26953125,1.015625,-90
13:16:00,27.4375,1.0546875,-0.078125,-0.2734375,1.015625,-19.494460916817186
13:16:02,27.375,1.056458293533901,-0.078125,-0.265625,1.01953125,-90
13:16:05,27.4375,1.0489208670588848,-0.078125,-0.265625,1.01171875,-90
13:16:07,27.4375,1.0567543405769029,-0.08203125,-0.265625,1.01953125,-90
13:16:09,27.4375,1.0574471996644206,-0.078125,-0.26953125,1.01953125,-90
13:16:11,27.375,1.064702164101392,-0.07421875,-0.26953125,1.02734375,-90
13:16:14,27.4375,1.0533990973050646,-0.07421875,-0.26953125,1.015625,-90
13:16:16,27.4375,1.056458293533901,-0.078125,-0.265625,1.01953125,-90
13:16:18,27.4375,1.0574471996644206,-0.078125,-0.26953125,1.01953125,-14.690095958105793
13:16:20,27.4375,1.0584495981187827,-0.078125,-0.2734375,1.01953125,-16.534368973927883
13:16:23,27.4375,1.0544053442025094,-0.07421875,-0.2734375,1.015625,-90
13:16:25,27.4375,1.0579016418311593,-0.0703125,-0.2734375,1.01953125,-90
13:16:27,27.4375,1.0609334729305013,-0.07421875,-0.26953125,1.0234375,-19.494460916817186
13:16:29,27.4375,1.0656977385365303,-0.07421875,-0.2734375,1.02734375,-90
13:16:31,27.4375,1.0524063873340765,-0.07421875,-0.265625,1.015625,-90
13:16:34,27.4375,1.0619325805643514,-0.07421875,-0.2734375,1.0234375,-90
13:16:36,27.375,1.06267950000297,-0.0703125,-0.27734375,1.0234375,-14.690095958105795
13:16:38,27.4375,1.0544053442025094,-0.07421875,-0.2734375,1.015625,-19.445400539936692
13:16:40,27.4375,1.0533990973050646,-0.07421875,-0.26953125,1.015625,-16.534368973927887
13:16:43,27.4375,1.0533990973050646,-0.07421875,-0.26953125,1.015625,-16.434526764861875
13:16:45,27.4375,1.0574471996644206,-0.078125,-0.26953125,1.01953125,-19.494460916817186
13:16:47,27.4375,1.056176610801018,-0.07421875,-0.265625,1.01953125,-16.384892569546373
13:16:49,27.4375,1.0533990973050646,-0.07421875,-0.26953125,1.015625,-90
13:16:52,27.4375,1.0546875,-0.078125,-0.2734375,1.015625,-90
13:16:54,27.4375,1.0533990973050646,-0.07421875,-0.26953125,1.015625,-90
13:16:56,27.4375,1.0549840439588707,-0.08203125,-0.2734375,1.015625,-19.345585653667037
13:16:58,27.4375,1.0629451043783376,-0.07421875,-0.27734375,1.0234375,-90
13:17:01,27.4375,1.064702164101392,-0.07421875,-0.26953125,1.02734375,-90
13:17:03,27.4375,1.0536815225562999,-0.078125,-0.26953125,1.015625,-90
13:17:05,27.375,1.0571657804264607,-0.07421875,-0.26953125,1.01953125,-90
13:17:07,27.375,1.0533990973050646,-0.07421875,-0.26953125,1.015625,-19.494460916817186
13:17:10,27.4375,1.056176610801018,-0.07421875,-0.265625,1.01953125,-90
13:17:12,27.4375,1.0609334729305013,-0.07421875,-0.26953125,1.0234375,-90
13:17:14,27.4375,1.0531310853867208,-0.0703125,-0.26953125,1.015625,-19.395779767728428
13:17:16,27.4375,1.0536815225562999,-0.078125,-0.26953125,1.015625,-19.494460916817186
13:17:19,27.375,1.0546875,-0.078125,-0.2734375,1.015625,-19.494460916817186
13:17:21,27.4375,1.064981591867026,-0.078125,-0.26953125,1.02734375,-19.494460916817186
13:17:23,27.375,1.0533990973050646,-0.07421875,-0.26953125,1.015625,-90
13:17:25,27.4375,1.0584495981187827,-0.078125,-0.2734375,1.01953125,-19.494460916817186
13:17:27,27.4375,1.0584495981187827,-0.078125,-0.2734375,1.01953125,-90
13:17:30,27.4375,1.0571657804264607,-0.07421875,-0.26953125,1.01953125,-19.494460916817186
13:17:32,27.4375,1.0625071805823538,-0.08203125,-0.2734375,1.0234375,-19.494460916817186
13:17:34,27.4375,1.0531310853867208,-0.0703125,-0.26953125,1.015625,-90
13:17:36,27.4375,1.0541375881200234,-0.0703125,-0.2734375,1.015625,-19.494460916817186
13:17:39,27.4375,1.0574471996644206,-0.078125,-0.26953125,1.01953125,-19.494460916817186
13:17:41,27.4375,1.0536815225562999,-0.078125,-0.26953125,1.015625,-90
13:17:43,27.4375,1.0602285002093887,-0.078125,-0.265625,1.0234375,-90
13:17:45,27.4375,1.055909303874065,-0.0703125,-0.265625,1.01953125,-90
13:17:48,27.4375,1.0531310853867208,-0.0703125,-0.26953125,1.015625,-19.494460916817186
13:17:50,27.4375,1.0546875,-0.078125,-0.2734375,1.015625,-90
13:17:52,27.4375,1.058975657585846,-0.07421875,-0.26171875,1.0234375,-90
13:17:54,27.4375,1.0517102074010514,-0.078125,-0.26171875,1.015625,-19.494460916817186
13:17:57,27.375,1.0574471996644206,-0.078125,-0.26953125,1.01953125,-90
13:17:59,27.4375,1.0533990973050646,-0.07421875,-0.26953125,1.015625,-19.494460916817186
13:18:01,27.4375,1.0571657804264607,-0.07421875,-0.26953125,1.01953125,-90
13:18:03,27.4375,1.0546875,-0.078125,-0.2734375,1.015625,-90
13:18:06,27.4375,1.0584495981187827,-0.078125,-0.2734375,1.01953125,-16.434526764861875
13:18:08,27.4375,1.0568987236766705,-0.0703125,-0.26953125,1.01953125,-19.494460916817186
13:18:10,27.375,1.0579016418311593,-0.0703125,-0.2734375,1.01953125,-90
13:18:12,27.4375,1.0574471996644206,-0.078125,-0.26953125,1.01953125,-14.690095958105795
13:18:15,27.4375,1.0615086137706915,-0.08203125,-0.26953125,1.0234375,-19.494460916817186
13:18:17,27.4375,1.0584495981187827,-0.078125,-0.2734375,1.01953125,-90
13:18:19,27.4375,1.050926453722054,-0.078125,-0.2734375,1.01171875,-90
13:18:21,27.4375,1.0584495981187827,-0.078125,-0.2734375,1.01953125,-90
13:18:23,27.4375,1.0568987236766705,-0.0703125,-0.26953125,1.01953125,-16.434526764861875
13:18:26,27.4375,1.06919992357019,-0.0703125,-0.2734375,1.03125,-90
13:18:28,27.375,1.0544053442025094,-0.07421875,-0.2734375,1.015625,-19.494460916817186
13:18:30,27.4375,1.0579016418311593,-0.0703125,-0.2734375,1.01953125,-90
13:18:32,27.4375,1.0496334344330345,-0.07421875,-0.26953125,1.01171875,-90
13:18:35,27.4375,1.0694639085812165,-0.07421875,-0.2734375,1.03125,-90
13:18:37,27.4375,1.0602285002093887,-0.078125,-0.265625,1.0234375,-90
13:18:39,27.4375,1.0496334344330345,-0.07421875,-0.26953125,1.01171875,-19.494460916817186
13:18:41,27.4375,1.0568987236766705,-0.0703125,-0.26953125,1.01953125,-90
13:18:44,27.4375,1.0581684454680997,-0.07421875,-0.2734375,1.01953125,-19.494460916817186
13:18:46,27.4375,1.0581684454680997,-0.07421875,-0.2734375,1.01953125,-19.445400539936692
13:18:48,27.5,1.0579016418311593,-0.0703125,-0.2734375,1.01953125,-90
13:18:50,27.4375,1.0536815225562999,-0.078125,-0.26953125,1.015625,-90
13:18:53,27.4375,1.0571657804264607,-0.07421875,-0.26953125,1.01953125,-90
13:18:55,27.4375,1.0489208670588848,-0.078125,-0.265625,1.01171875,-90
13:18:57,27.4375,1.0502147636577424,-0.08203125,-0.26953125,1.01171875,-90
13:18:59,27.4375,1.0533990973050646,-0.07421875,-0.26953125,1.015625,-90
13:19:02,27.4375,1.0546875,-0.078125,-0.2734375,1.015625,-90
13:19:04,27.4375,1.056458293533901,-0.078125,-0.265625,1.01953125,-90
13:19:06,27.4375,1.0533990973050646,-0.07421875,-0.26953125,1.015625,-90
13:19:08,27.4375,1.064981591867026,-0.078125,-0.26953125,1.02734375,-90
13:19:11,27.4375,1.0609334729305013,-0.07421875,-0.26953125,1.0234375,-19.494460916817186
13:19:13,27.5,1.0489208670588848,-0.078125,-0.265625,1.01171875,-90
13:19:15,27.4375,1.0544053442025094,-0.07421875,-0.2734375,1.015625,-90
13:19:17,27.375,1.0571657804264607,-0.07421875,-0.26953125,1.01953125,-90
13:19:19,27.4375,1.0567543405769029,-0.08203125,-0.265625,1.01953125,-90
13:19:22,27.4375,1.0687502855445525,-0.078125,-0.26953125,1.03125,-90
13:19:24,27.4375,1.061213893029022,-0.078125,-0.26953125,1.0234375,-90
13:19:26,27.4375,1.0544053442025094,-0.07421875,-0.2734375,1.015625,-90
13:19:28,27.4375,1.0544053442025094,-0.07421875,-0.2734375,1.015625,-90
13:19:31,27.4375,1.0574471996644206,-0.078125,-0.26953125,1.01953125,-19.494460916817186
13:19:33,27.4375,1.0584495981187827,-0.078125,-0.2734375,1.01953125,-90
13:19:35,27.5,1.0622127369023118,-0.078125,-0.2734375,1.0234375,-16.534368973927883
13:19:37,27.4375,1.0524063873340765,-0.07421875,-0.265625,1.015625,-90
13:19:40,27.5,1.0619325805643514,-0.07421875,-0.2734375,1.0234375,-90
13:19:42,27.4375,1.0690429286062955,-0.08203125,-0.26953125,1.03125,-19.494460916817186
13:19:44,27.4375,1.055909303874065,-0.0703125,-0.265625,1.01953125,-19.395779767728428
13:19:46,27.4375,1.056458293533901,-0.078125,-0.265625,1.01953125,-19.494460916817186
13:19:49,27.5,1.0533990973050646,-0.07421875,-0.26953125,1.015625,-90
13:19:51,27.5,1.0568987236766705,-0.0703125,-0.26953125,1.01953125,-90
13:19:53,27.5,1.0732310800437503,-0.07421875,-0.2734375,1.03515625,-16.384892569546373
13:19:55,27.5,1.0544053442025094,-0.07421875,-0.2734375,1.015625,-19.494460916817186
13:19:58,27.5,1.0536815225562999,-0.078125,-0.26953125,1.015625,-19.494460916817186
13:20:00,27.4375,1.056176610801018,-0.07421875,-0.265625,1.01953125,-90
13:20:02,27.4375,1.056176610801018,-0.07421875,-0.265625,1.01953125,-90
13:20:04,27.5,1.0496334344330345,-0.07421875,-0.26953125,1.01171875,-90
13:20:07,27.4375,1.0571657804264607,-0.07421875,-0.26953125,1.01953125,-19.494460916817186
13:20:09,27.5,1.064981591867026,-0.078125,-0.26953125,1.02734375,-90
13:20:11,27.4375,1.061213893029022,-0.078125,-0.26953125,1.0234375,-16.534368973927887
13:20:13,27.4375,1.056458293533901,-0.078125,-0.265625,1.01953125,-19.494460916817186
13:20:15,27.5,1.0584495981187827,-0.078125,-0.2734375,1.01953125,-90
13:20:18,27.5,1.061213893029022,-0.078125,-0.26953125,1.0234375,-90
13:20:20,27.5,1.0526890789188421,-0.078125,-0.265625,1.015625,-90
13:20:22,27.5,1.0571657804264607,-0.07421875,-0.26953125,1.01953125,-16.434526764861875
13:20:24,27.4375,1.0571657804264607,-0.07421875,-0.26953125,1.01953125,-90
13:20:27,27.5,1.0571657804264607,-0.07421875,-0.26953125,1.01953125,-19.494460916817186
13:20:29,27.5,1.0533990973050646,-0.07421875,-0.26953125,1.015625,-90
13:20:31,27.4375,1.0581684454680997,-0.07421875,-0.2734375,1.01953125,-90
13:20:33,27.4375,1.0609334729305013,-0.07421875,-0.26953125,1.0234375,-90
13:20:36,27.4375,1.0568987236766705,-0.0703125,-0.26953125,1.01953125,-90
13:20:38,27.5,1.0529861856769833,-0.08203125,-0.265625,1.015625,-19.494460916817186
13:20:40,27.5,1.0571657804264607,-0.07421875,-0.26953125,1.01953125,-19.445400539936692
13:20:42,27.4375,1.0581684454680997,-0.07421875,-0.2734375,1.01953125,-14.690095958105795
13:20:45,27.4375,1.0536815225562999,-0.078125,-0.26953125,1.015625,-19.494460916817186
13:20:47,27.4375,1.0489208670588848,-0.078125,-0.265625,1.01171875,-90
13:20:49,27.4375,1.0533990973050646,-0.07421875,-0.26953125,1.015625,-90
13:20:51,27.4375,1.0461532610032875,-0.078125,-0.26953125,1.0078125,-19.494460916817186
13:20:54,27.5,1.061213893029022,-0.078125,-0.26953125,1.0234375,-90
13:20:56,27.5,1.0581684454680997,-0.07421875,-0.2734375,1.01953125,-19.494460916817186
13:20:58,27.5,1.0544053442025094,-0.07421875,-0.2734375,1.015625,-19.494460916817186
13:21:00,27.4375,1.0602285002093887,-0.078125,-0.265625,1.0234375,-90
13:21:03,27.4375,1.0526890789188421,-0.078125,-0.265625,1.015625,-19.494460916817186
13:21:05,27.5,1.0571657804264607,-0.07421875,-0.26953125,1.01953125,-90
13:21:07,27.4375,1.0659769053292443,-0.078125,-0.2734375,1.02734375,-90
13:21:09,27.4375,1.0486371596401327,-0.07421875,-0.265625,1.01171875,-90
13:21:11,27.4375,1.0533990973050646,-0.07421875,-0.26953125,1.015625,-19.494460916817186
13:21:14,27.5,1.056176610801018,-0.07421875,-0.265625,1.01953125,-90
13:21:16,27.4375,1.061213893029022,-0.078125,-0.26953125,1.0234375,-19.494460916817186
13:21:18,27.5,1.056458293533901,-0.078125,-0.265625,1.01953125,-19.494460916817186
13:21:20,27.4375,1.0609334729305013,-0.07421875,-0.26953125,1.0234375,-90
13:21:23,27.5,1.0526890789188421,-0.078125,-0.265625,1.015625,-19.494460916817186
13:21:25,27.5,1.0571657804264607,-0.07421875,-0.26953125,1.01953125,-90
13:21:27,27.5,1.061213893029022,-0.078125,-0.26953125,1.0234375,-90
13:21:29,27.5,1.056458293533901,-0.078125,-0.265625,1.01953125,-90
13:21:32,27.5,1.064702164101392,-0.07421875,-0.26953125,1.02734375,-90
13:21:34,27.5,1.0493644607496364,-0.0703125,-0.26953125,1.01171875,-90
13:21:36,27.5,1.059465450600266,-0.078125,-0.27734375,1.01953125,-90
13:21:38,27.5,1.0451536688000718,-0.078125,-0.265625,1.0078125,-19.445400539936692
13:21:41,27.5,1.0571657804264607,-0.07421875,-0.26953125,1.01953125,-90
13:21:43,27.5,1.0571657804264607,-0.07421875,-0.26953125,1.01953125,-90
13:21:45,27.5,1.061213893029022,-0.078125,-0.26953125,1.0234375,-19.494460916817186
13:21:47,27.5,1.0554829176510272,-0.078125,-0.26171875,1.01953125,-90
13:21:50,27.5,1.0609334729305013,-0.07421875,-0.26953125,1.0234375,-19.494460916817186
13:21:52,27.5,1.056458293533901,-0.078125,-0.265625,1.01953125,-90
13:21:54,27.5,1.0544053442025094,-0.07421875,-0.2734375,1.015625,-90
13:21:56,27.5,1.0571657804264607,-0.07421875,-0.26953125,1.01953125,-90
13:21:59,27.5,1.0581684454680997,-0.07421875,-0.2734375,1.01953125,-90
13:22:01,27.5,1.059947819415094,-0.07421875,-0.265625,1.0234375,-90
13:22:03,27.5,1.0571657804264607,-0.07421875,-0.26953125,1.01953125,-90
13:22:05,27.5,1.0579016418311593,-0.0703125,-0.2734375,1.01953125,-90
13:22:07,27.5,1.0584495981187827,-0.078125,-0.2734375,1.01953125,-90
13:22:10,27.4375,1.0489208670588848,-0.078125,-0.265625,1.01171875,-90
13:22:12,27.5,1.0483679303483164,-0.0703125,-0.265625,1.01171875,-90
13:22:14,27.5,1.067771847704368,-0.078125,-0.265625,1.03125,-90
13:22:16,27.5,1.0581684454680997,-0.07421875,-0.2734375,1.01953125,-19.494460916817186
13:22:19,27.4375,1.0581684454680997,-0.07421875,-0.2734375,1.01953125,-19.494460916817186
13:22:21,27.4375,1.0619325805643514,-0.07421875,-0.2734375,1.0234375,-90
13:22:23,27.5,1.056176610801018,-0.07421875,-0.265625,1.01953125,-19.494460916817186
13:22:25,27.5,1.0551575919952965,-0.0703125,-0.27734375,1.015625,-16.434526764861875
13:22:28,27.5,1.0654328203723418,-0.0703125,-0.2734375,1.02734375,-90
13:22:30,27.4375,1.0533990973050646,-0.07421875,-0.26953125,1.015625,-90
13:22:32,27.4375,1.056458293533901,-0.078125,-0.265625,1.01953125,-13.324384599156055
13:22:34,27.5,1.0517102074010514,-0.078125,-0.26171875,1.015625,-90
13:22:37,27.4375,1.0533990973050646,-0.07421875,-0.26953125,1.015625,-90
13:22:39,27.4375,1.056458293533901,-0.078125,-0.265625,1.01953125,-16.434526764861875
13:22:41,27.5,1.056176610801018,-0.07421875,-0.265625,1.01953125,-90
13:22:43,27.5,1.0576491980670506,-0.06640625,-0.2734375,1.01953125,-19.494460916817186
13:22:46,27.5,1.064702164101392,-0.07421875,-0.26953125,1.02734375,-90
13:22:48,27.4375,1.0584495981187827,-0.078125,-0.2734375,1.01953125,-19.494460916817186
13:22:50,27.4375,1.0574471996644206,-0.078125,-0.26953125,1.01953125,-16.334684555795867
13:22:52,27.5,1.0574471996644206,-0.078125,-0.26953125,1.01953125,-9.071467371296738
13:22:55,27.4375,1.056176610801018,-0.07421875,-0.265625,1.01953125,-90
13:22:57,27.4375,1.0574471996644206,-0.078125,-0.26953125,1.01953125,-19.494460916817186
13:22:59,27.5,1.056458293533901,-0.078125,-0.265625,1.01953125,-90
13:23:01,27.5,1.056458293533901,-0.078125,-0.265625,1.01953125,-90
13:23:03,27.5,1.0533990973050646,-0.07421875,-0.26953125,1.015625,-13.424226808222063
13:23:06,27.4375,1.0544053442025094,-0.07421875,-0.2734375,1.015625,-90
13:23:08,27.4375,1.061213893029022,-0.078125,-0.26953125,1.0234375,-19.494460916817186
13:23:10,27.4375,1.0581684454680997,-0.07421875,-0.2734375,1.01953125,-90
13:23:12,27.5,1.0544053442025094,-0.07421875,-0.2734375,1.015625,-19.494460916817186
13:23:15,27.4375,1.0571657804264607,-0.07421875,-0.26953125,1.01953125,-90
13:23:17,27.4375,1.0579016418311593,-0.0703125,-0.2734375,1.01953125,-90
13:23:19,27.4375,1.061213893029022,-0.078125,-0.26953125,1.0234375,-90
13:23:21,27.4375,1.0609334729305013,-0.07421875,-0.26953125,1.0234375,-90
13:23:24,27.5,1.0574471996644206,-0.078125,-0.26953125,1.01953125,-19.445400539936692
13:23:26,27.4375,1.0637200026983722,-0.07421875,-0.265625,1.02734375,-90
13:23:28,27.5,1.0536815225562999,-0.078125,-0.26953125,1.015625,-90
13:23:30,27.4375,1.0536815225562999,-0.078125,-0.26953125,1.015625,-19.494460916817186
13:23:33,27.4375,1.061213893029022,-0.078125,-0.26953125,1.0234375,-90
13:23:35,27.5,1.056458293533901,-0.078125,-0.265625,1.01953125,-19.494460916817186
13:23:37,27.4375,1.0554250893079171,-0.07421875,-0.27734375,1.015625,-90
13:23:39,27.5,1.0571657804264607,-0.07421875,-0.26953125,1.01953125,-90
13:23:42,27.5,1.0506432878762302,-0.07421875,-0.2734375,1.01171875,-90
13:23:44,27.5,1.0496334344330345,-0.07421875,-0.26953125,1.01171875,-90
13:23:46,27.5,1.0570647398611934,-0.0859375,-0.265625,1.01953125,-90
13:23:48,27.4375,1.0536815225562999,-0.078125,-0.26953125,1.015625,-90
13:23:51,27.5,1.0524063873340765,-0.07421875,-0.265625,1.015625,-90
13:23:53,27.4375,1.061666722879054,-0.0703125,-0.2734375,1.0234375,-90
13:23:55,27.4375,1.0571657804264607,-0.07421875,-0.26953125,1.01953125,-19.445400539936692
13:23:57,27.5,1.0536815225562999,-0.078125,-0.26953125,1.015625,-90
13:23:59,27.4375,1.056458293533901,-0.078125,-0.265625,1.01953125,-19.494460916817186
13:24:02,27.4375,1.059184567600089,-0.07421875,-0.27734375,1.01953125,-90
13:24:04,27.5,1.0606673648175768,-0.0703125,-0.26953125,1.0234375,-90
13:24:06,27.4375,1.0536815225562999,-0.078125,-0.26953125,1.015625,-19.494460916817186
13:24:08,27.4375,1.0571657804264607,-0.07421875,-0.26953125,1.01953125,-90
13:24:11,27.5,1.0506432878762302,-0.07421875,-0.2734375,1.01171875,-90
13:24:13,27.4375,1.0574471996644206,-0.078125,-0.26953125,1.01953125,-90
13:24:15,27.4375,1.056176610801018,-0.07421875,-0.265625,1.01953125,-90
13:24:17,27.5,1.0533990973050646,-0.07421875,-0.26953125,1.015625,-90
13:24:20,27.5,1.0581684454680997,-0.07421875,-0.2734375,1.01953125,-90
13:24:22,27.5,1.056646040304977,-0.06640625,-0.26953125,1.01953125,-90
13:24:24,27.4375,1.0571657804264607,-0.07421875,-0.26953125,1.01953125,-90
13:24:26,27.5,1.0574471996644206,-0.078125,-0.26953125,1.01953125,-16.434526764861875
13:24:29,27.4375,1.0669784408150254,-0.06640625,-0.265625,1.03125,-90
13:24:31,27.5,1.0579016418311593,-0.0703125,-0.2734375,1.01953125,-90
13:24:33,27.5,1.0571657804264607,-0.07421875,-0.26953125,1.01953125,-90
13:24:35,27.4375,1.056458293533901,-0.078125,-0.265625,1.01953125,-90
13:24:38,27.5,1.0567543405769029,-0.08203125,-0.265625,1.01953125,-19.494460916817186
13:24:40,27.5,1.056458293533901,-0.078125,-0.265625,1.01953125,-19.494460916817186
13:24:42,27.5,1.0536815225562999,-0.078125,-0.26953125,1.015625,-19.445400539936692
13:24:44,27.5,1.0581684454680997,-0.07421875,-0.2734375,1.01953125,-19.494460916817186
13:24:47,27.5,1.0615086137706915,-0.08203125,-0.26953125,1.0234375,-90
13:24:49,27.5,1.0536815225562999,-0.078125,-0.26953125,1.015625,-90
13:24:51,27.5,1.056458293533901,-0.078125,-0.265625,1.01953125,-90
13:24:53,27.5,1.0533990973050646,-0.07421875,-0.26953125,1.015625,-90
13:24:55,27.5,1.0544053442025094,-0.07421875,-0.2734375,1.015625,-90
13:24:58,27.5,1.0581684454680997,-0.07421875,-0.2734375,1.01953125,-90
13:25:00,27.5,1.056176610801018,-0.07421875,-0.265625,1.01953125,-90
13:25:02,27.5625,1.0571657804264607,-0.07421875,-0.26953125,1.01953125,-90
13:25:04,27.5,1.0609334729305013,-0.07421875,-0.26953125,1.0234375,-19.494460916817186
13:25:07,27.5,1.0492190408599746,-0.08203125,-0.265625,1.01171875,-19.494460916817186
13:25:09,27.5,1.0571657804264607,-0.07421875,-0.26953125,1.01953125,-90
13:25:11,27.5625,1.0486371596401327,-0.07421875,-0.265625,1.01171875,-90
13:25:13,27.5,1.0536815225562999,-0.078125,-0.26953125,1.015625,-90
13:25:16,27.5,1.0632249939195901,-0.078125,-0.27734375,1.0234375,-90
13:25:18,27.5625,1.0577429699268568,-0.08203125,-0.26953125,1.01953125,-19.494460916817186
13:25:20,27.5,1.0571657804264607,-0.07421875,-0.26953125,1.01953125,-19.445400539936692
13:25:22,27.5625,1.0615086137706915,-0.08203125,-0.26953125,1.0234375,-90
13:25:25,27.5,1.061213893029022,-0.078125,-0.26953125,1.0234375,-90
13:25:27,27.5625,1.0536815225562999,-0.078125,-0.26953125,1.015625,-14.690095958105795
13:25:29,27.5,1.0571657804264607,-0.07421875,-0.26953125,1.01953125,-19.494460916817186
13:25:31,27.5,1.0574471996644206,-0.078125,-0.26953125,1.01953125,-90
13:25:34,27.5,1.0524063873340765,-0.07421875,-0.265625,1.015625,-14.690095958105793
13:25:36,27.5625,1.0549044915669499,-0.06640625,-0.27734375,1.015625,-90
13:25:38,27.5625,1.055909303874065,-0.0703125,-0.265625,1.01953125,-19.445400539936692
13:25:40,27.5,1.0581684454680997,-0.07421875,-0.2734375,1.01953125,-90
13:25:43,27.5625,1.061213893029022,-0.078125,-0.26953125,1.0234375,-90
13:25:45,27.5625,1.0506432878762302,-0.07421875,-0.2734375,1.01171875,-90
13:25:47,27.5,1.0609334729305013,-0.07421875,-0.26953125,1.0234375,-19.494460916817186
13:25:49,27.5625,1.0571657804264607,-0.07421875,-0.26953125,1.01953125,-19.494460916817186
13:25:51,27.5625,1.0619325805643514,-0.07421875,-0.2734375,1.0234375,-19.494460916817186
13:25:54,27.5625,1.0536815225562999,-0.078125,-0.26953125,1.015625,-19.494460916817186
13:25:56,27.5625,1.061213893029022,-0.078125,-0.26953125,1.0234375,-90
13:25:58,27.5,1.0531310853867208,-0.0703125,-0.26953125,1.015625,-19.494460916817186
13:26:00,27.5625,1.0533990973050646,-0.07421875,-0.26953125,1.015625,-19.445400539936692
13:26:03,27.5,1.0536815225562999,-0.078125,-0.26953125,1.015625,-19.494460916817186
13:26:05,27.5,1.0544053442025094,-0.07421875,-0.2734375,1.015625,-14.82425163866382
13:26:07,27.5,1.0568987236766705,-0.0703125,-0.26953125,1.01953125,-90
13:26:09,27.5,1.059256595982679,-0.078125,-0.26171875,1.0234375,-90
13:26:12,27.4375,1.0629451043783376,-0.07421875,-0.27734375,1.0234375,-90
13:26:14,27.4375,1.0571657804264607,-0.07421875,-0.26953125,1.01953125,-19.494460916817186
13:26:16,27.4375,1.0581684454680997,-0.07421875,-0.2734375,1.01953125,-90
13:26:18,27.4375,1.0574471996644206,-0.078125,-0.26953125,1.01953125,-19.494460916817186
13:26:21,27.4375,1.0622127369023118,-0.078125,-0.2734375,1.0234375,-19.494460916817186
13:26:23,27.4375,1.0533990973050646,-0.07421875,-0.26953125,1.015625,-90
13:26:25,27.4375,1.0571657804264607,-0.07421875,-0.26953125,1.01953125,-19.494460916817186
13:26:27,27.4375,1.0605234947929312,-0.08203125,-0.265625,1.0234375,-90
13:26:30,27.4375,1.0571657804264607,-0.07421875,-0.26953125,1.01953125,-90
13:26:32,27.4375,1.0533990973050646,-0.07421875,-0.26953125,1.015625,-14.690095958105793
13:26:34,27.4375,1.059947819415094,-0.07421875,-0.265625,1.0234375,-90
13:26:36,27.5,1.0560899240757744,-0.0859375,-0.26171875,1.01953125,-16.534368973927883
13:26:39,27.5,1.0533990973050646,-0.07421875,-0.26953125,1.015625,-14.82425163866382
13:26:41,27.4375,1.0571657804264607,-0.07421875,-0.26953125,1.01953125,-90
13:26:43,27.4375,1.0521381225420217,-0.0703125,-0.265625,1.015625,-90
13:26:45,27.5,1.0682076131926848,-0.0703125,-0.26953125,1.03125,-90
13:26:47,27.4375,1.0571657804264607,-0.07421875,-0.26953125,1.01953125,-90
13:26:50,27.4375,1.0536815225562999,-0.078125,-0.26953125,1.015625,-19.494460916817186
13:26:52,27.5,1.0584495981187827,-0.078125,-0.2734375,1.01953125,-19.494460916817186
13:26:54,27.4375,1.0571657804264607,-0.07421875,-0.26953125,1.01953125,-90
13:26:56,27.5,1.0609334729305013,-0.07421875,-0.26953125,1.0234375,-90
13:26:59,27.5,1.0529861856769833,-0.08203125,-0.265625,1.015625,-90
13:27:01,27.5,1.0533990973050646,-0.07421875,-0.26953125,1.015625,-19.494460916817186
13:27:03,27.5,1.0517102074010514,-0.078125,-0.26171875,1.015625,-90
13:27:05,27.5,1.061213893029022,-0.078125,-0.26953125,1.0234375,-90
13:27:08,27.5,1.0571657804264607,-0.07421875,-0.26953125,1.01953125,-90
13:27:10,27.5,1.0581684454680997,-0.07421875,-0.2734375,1.01953125,-90
13:27:12,27.5,1.0587450883519485,-0.08203125,-0.2734375,1.01953125,-90
13:27:14,27.5,1.0533990973050646,-0.07421875,-0.26953125,1.015625,-19.494460916817186
13:27:17,27.5,1.0549334204035699,-0.0703125,-0.26171875,1.01953125,-90
13:27:19,27.5,1.0531310853867208,-0.0703125,-0.26953125,1.015625,-90
13:27:21,27.5,1.0533990973050646,-0.07421875,-0.26953125,1.015625,-90
13:27:23,27.5,1.056176610801018,-0.07421875,-0.265625,1.01953125,-90
13:27:26,27.5,1.056458293533901,-0.078125,-0.265625,1.01953125,-90
13:27:28,27.5,1.0546875,-0.078125,-0.2734375,1.015625,-90
13:27:30,27.5,1.0526890789188421,-0.078125,-0.265625,1.015625,-19.494460916817186
13:27:32,27.4375,1.0606673648175768,-0.0703125,-0.26953125,1.0234375,-90
13:27:35,27.5,1.0533990973050646,-0.07421875,-0.26953125,1.015625,-90
13:27:37,27.5,1.0533990973050646,-0.07421875,-0.26953125,1.015625,-16.434526764861875
13:27:39,27.5,1.0637200026983722,-0.07421875,-0.265625,1.02734375,-16.434526764861875
13:27:41,27.5,1.0584495981187827,-0.078125,-0.2734375,1.01953125,-90
13:27:43,27.5,1.0496334344330345,-0.07421875,-0.26953125,1.01171875,-90
13:27:46,27.5,1.0533990973050646,-0.07421875,-0.26953125,1.015625,-90
13:27:48,27.5,1.064702164101392,-0.07421875,-0.26953125,1.02734375,-10.8278537031645
13:27:50,27.4375,1.0571657804264607,-0.07421875,-0.26953125,1.01953125,-90
13:27:52,27.4375,1.0536815225562999,-0.078125,-0.26953125,1.015625,-11.353822854074306
13:27:55,27.375,1.0496334344330345,-0.07421875,-0.26953125,1.01171875,-11.353822854074306
13:27:57,27.375,1.06919992357019,-0.0703125,-0.2734375,1.03125,-90
13:27:59,27.375,1.0619325805643514,-0.07421875,-0.2734375,1.0234375,-19.494460916817186
13:28:01,27.3125,1.0574471996644206,-0.078125,-0.26953125,1.01953125,-19.494460916817186
13:28:04,27.3125,1.0581684454680997,-0.07421875,-0.2734375,1.01953125,-90
13:28:06,27.3125,1.0571657804264607,-0.07421875,-0.26953125,1.01953125,-1.019301622741138
13:28:08,27.3125,1.0574471996644206,-0.078125,-0.26953125,1.01953125,-90
13:28:10,27.3125,1.0531310853867208,-0.0703125,-0.26953125,1.015625,-19.494460916817186
13:28:13,27.3125,1.0544053442025094,-0.07421875,-0.2734375,1.015625,-19.494460916817186
13:28:15,27.25,1.058709057373206,-0.0703125,-0.26171875,1.0234375,-16.434526764861875
13:28:17,27.25,1.0574471996644206,-0.078125,-0.26953125,1.01953125,-90
13:28:19,27.3125,1.0659769053292443,-0.078125,-0.2734375,1.02734375,-90
13:28:22,27.3125,1.0602285002093887,-0.078125,-0.265625,1.0234375,-90
13:28:24,27.25,1.0609334729305013,-0.07421875,-0.26953125,1.0234375,-90
13:28:26,27.25,1.061213893029022,-0.078125,-0.26953125,1.0234375,-90
13:28:28,27.25,1.0571657804264607,-0.07421875,-0.26953125,1.01953125,-90
13:28:31,27.3125,1.0609334729305013,-0.07421875,-0.26953125,1.0234375,-19.494460916817186
13:28:33,27.25,1.061213893029022,-0.078125,-0.26953125,1.0234375,-90
13:28:35,27.25,1.0544053442025094,-0.07421875,-0.2734375,1.015625,-90
13:28:37,27.25,1.0656977385365303,-0.07421875,-0.2734375,1.02734375,-90
13:28:39,27.25,1.0574471996644206,-0.078125,-0.26953125,1.01953125,-90
13:28:42,27.25,1.0606673648175768,-0.0703125,-0.26953125,1.0234375,-90
13:28:44,27.25,1.061213893029022,-0.078125,-0.26953125,1.0234375,-90
13:28:46,27.25,1.0496334344330345,-0.07421875,-0.26953125,1.01171875,-19.494460916817186
13:28:48,27.25,1.0574471996644206,-0.078125,-0.26953125,1.01953125,-90
13:28:51,27.25,1.0571657804264607,-0.07421875,-0.26953125,1.01953125,-90
13:28:53,27.3125,1.0571657804264607,-0.07421875,-0.26953125,1.01953125,-90
13:28:55,27.25,1.0581684454680997,-0.07421875,-0.2734375,1.01953125,-90
13:28:57,27.25,1.059184567600089,-0.07421875,-0.27734375,1.01953125,-19.494460916817186
13:29:00,27.25,1.0609334729305013,-0.07421875,-0.26953125,1.0234375,-19.494460916817186
13:29:02,27.25,1.0581684454680997,-0.07421875,-0.2734375,1.01953125,-90
13:29:04,27.25,1.0604155794648977,-0.06640625,-0.26953125,1.0234375,-90
13:29:06,27.25,1.0533990973050646,-0.07421875,-0.26953125,1.015625,-19.494460916817186
13:29:09,27.1875,1.0544053442025094,-0.07421875,-0.2734375,1.015625,-90
13:29:11,27.25,1.0533990973050646,-0.07421875,-0.26953125,1.015625,-90
13:29:13,27.25,1.0533990973050646,-0.07421875,-0.26953125,1.015625,-19.494460916817186
13:29:15,27.25,1.0574471996644206,-0.078125,-0.26953125,1.01953125,-90
13:29:18,27.25,1.0574471996644206,-0.078125,-0.26953125,1.01953125,-19.494460916817186
13:29:20,27.25,1.0609334729305013,-0.07421875,-0.26953125,1.0234375,-90
13:29:22,27.25,1.0602285002093887,-0.078125,-0.265625,1.0234375,-16.434526764861875
13:29:24,27.25,1.0615086137706915,-0.08203125,-0.26953125,1.0234375,-16.434526764861875
13:29:27,27.25,1.056176610801018,-0.07421875,-0.265625,1.01953125,-90
13:29:29,27.25,1.0479093537476774,-0.07421875,-0.27734375,1.0078125,-90
13:29:31,27.25,1.0568987236766705,-0.0703125,-0.26953125,1.01953125,-90
13:29:33,27.25,1.0579016418311593,-0.0703125,-0.2734375,1.01953125,-90
13:29:35,27.25,1.0554829176510272,-0.078125,-0.26171875,1.01953125,-90
13:29:38,27.25,1.074083798341347,-0.07421875,-0.26171875,1.0390625,-90
13:29:40,27.25,1.0511587379567429,-0.0703125,-0.26171875,1.015625,-90
13:29:42,27.25,1.055909303874065,-0.0703125,-0.265625,1.01953125,-90
13:29:44,27.25,1.0606673648175768,-0.0703125,-0.26953125,1.0234375,-90
13:29:47,27.3125,1.0571657804264607,-0.07421875,-0.26953125,1.01953125,-90
13:29:49,27.25,1.0606673648175768,-0.0703125,-0.26953125,1.0234375,-16.434526764861875
13:29:51,27.25,1.0521381225420217,-0.0703125,-0.265625,1.015625,-90
13:29:53,27.25,1.056176610801018,-0.07421875,-0.265625,1.01953125,-90
13:29:56,27.25,1.051427252632404,-0.07421875,-0.26171875,1.015625,-90
13:29:58,27.25,1.0380707790814712,-0.0703125,-0.26953125,1.0,-13.473861003537564
13:30:00,27.25,1.0568987236766705,-0.0703125,-0.26953125,1.01953125,-90
13:30:02,27.25,1.0483679303483164,-0.0703125,-0.265625,1.01171875,-90
13:30:05,27.25,1.0511587379567429,-0.0703125,-0.26171875,1.015625,-90
13:30:07,27.25,1.0568987236766705,-0.0703125,-0.26953125,1.01953125,-90
13:30:09,27.1875,1.0624856386897072,-0.0703125,-0.26171875,1.02734375,-90
13:30:11,27.25,1.055909303874065,-0.0703125,-0.265625,1.01953125,-90
13:30:14,27.25,1.055909303874065,-0.0703125,-0.265625,1.01953125,-90
13:30:16,27.25,1.055909303874065,-0.0703125,-0.265625,1.01953125,-90
13:30:18,27.25,1.0637200026983722,-0.07421875,-0.265625,1.02734375,-19.494460916817186
13:30:20,27.1875,1.059947819415094,-0.07421875,-0.265625,1.0234375,-19.445400539936692
13:30:23,27.25,1.0596814637840468,-0.0703125,-0.265625,1.0234375,-19.494460916817186
13:30:25,27.1875,1.0637200026983722,-0.07421875,-0.265625,1.02734375,-90
13:30:27,27.25,1.0556563836735062,-0.06640625,-0.265625,1.01953125,-19.494460916817186
13:30:29,27.25,1.055909303874065,-0.0703125,-0.265625,1.01953125,-90
13:30:31,27.25,1.0596814637840468,-0.0703125,-0.265625,1.0234375,-19.494460916817186
13:30:34,27.25,1.053971110865503,-0.0703125,-0.2578125,1.01953125,-19.494460916817186
13:30:36,27.25,1.058709057373206,-0.0703125,-0.26171875,1.0234375,-19.494460916817186
13:30:38,27.25,1.056646040304977,-0.06640625,-0.26953125,1.01953125,-5.684036641051007
13:30:40,27.1875,1.055909303874065,-0.0703125,-0.265625,1.01953125,-90
13:30:43,27.1875,1.0554178605422415,-0.0625,-0.265625,1.01953125,-90
13:30:45,27.25,1.057411124460497,-0.0625,-0.2734375,1.01953125,-14.690095958105795
13:30:47,27.25,1.0641861046967713,-0.06640625,-0.26953125,1.02734375,-90
13:30:49,27.25,1.0511587379567429,-0.0703125,-0.26171875,1.015625,-90
13:30:52,27.1875,1.0619972385866288,-0.0625,-0.26171875,1.02734375,-90
13:30:54,27.25,1.0556563836735062,-0.06640625,-0.265625,1.01953125,-19.494460916817186
13:30:56,27.25,1.059429444120897,-0.06640625,-0.265625,1.0234375,-19.445400539936692
13:30:58,27.25,1.058709057373206,-0.0703125,-0.26171875,1.0234375,-19.494460916817186
13:31:01,27.25,1.0521381225420217,-0.0703125,-0.265625,1.015625,-19.494460916817186
13:31:03,27.25,1.0556563836735062,-0.06640625,-0.265625,1.01953125,-90
13:31:05,27.1875,1.0596814637840468,-0.0703125,-0.265625,1.0234375,-19.494460916817186
13:31:07,27.25,1.0584568061791066,-0.06640625,-0.26171875,1.0234375,-90
13:31:10,27.25,1.0556563836735062,-0.06640625,-0.265625,1.01953125,-90
13:31:12,27.25,1.0521381225420217,-0.0703125,-0.265625,1.015625,-3.7641435139612662
13:31:14,27.1875,1.0531310853867208,-0.0703125,-0.26953125,1.015625,-90
13:31:16,27.25,1.056646040304977,-0.06640625,-0.26953125,1.01953125,-19.494460916817186
13:31:19,27.25,1.0556563836735062,-0.06640625,-0.265625,1.01953125,-90
13:31:21,27.25,1.0509046744427513,-0.06640625,-0.26171875,1.015625,-19.494460916817186
13:31:23,27.1875,1.0528774978080901,-0.06640625,-0.26953125,1.015625,-90
13:31:25,27.1875,1.0556202472694962,-0.06640625,-0.25,1.0234375,-16.534368973927883
13:31:27,27.25,1.0546802661788963,-0.06640625,-0.26171875,1.01953125,-19.494460916817186
13:31:30,27.1875,1.053971110865503,-0.0703125,-0.2578125,1.01953125,-12.465008240582161
13:31:32,27.1875,1.0546802661788963,-0.06640625,-0.26171875,1.01953125,-90
